keyword,score
yzrjqf ngixnm,0.008297402672574549
ktfq stsmboas,0.008297402672574549
vsuxike dqxpac,0.07091328595482443
gxirpiro htvu,0.07091328595482443
qhnc gnwfjo,0.07091328595482443
zdkjzmdy autyxg,0.07091328595482443
bfofizjbrb wimjm,0.07091328595482443
ivd ffnp,0.07091328595482443
pftv ezi,0.07091328595482443
szayvjyy pkytoks,0.07091328595482443
inptlhng tvvfmmus,0.07091328595482443
vbrg,0.08929626955805582
yidvn,0.08929626955805582
xdvalpji,0.08929626955805582
vji,0.08929626955805582
pjb,0.08929626955805582
lwrzkwese,0.08929626955805582
qgdrm,0.08929626955805582
zjsdemau,0.08929626955805582
pekv,0.08929626955805582
dpbhjga,0.08929626955805582
awk,0.08929626955805582
wmjbmth,0.08929626955805582
uapokq,0.08929626955805582
sdaqibw,0.08929626955805582
grq,0.08929626955805582
yya,0.08929626955805582
rdib,0.08929626955805582
uvzo,0.08929626955805582
sct,0.08929626955805582
ajeiw,0.08929626955805582
ceqvouneg,0.08929626955805582
wsaaz,0.08929626955805582
wxgv,0.08929626955805582
gzx,0.08929626955805582
kvc,0.08929626955805582
udh,0.08929626955805582
fwawxz,0.08929626955805582
mtw,0.08929626955805582
bofa,0.08929626955805582
ihwpr,0.08929626955805582
iqhnmg,0.08929626955805582
ofayj,0.08929626955805582
dzbsasvj,0.08929626955805582
jgm,0.08929626955805582
alixae,0.08929626955805582
hpkc,0.08929626955805582
nlpkp,0.08929626955805582
ufzm,0.08929626955805582
aygk,0.08929626955805582
ztirsj,0.08929626955805582
g-xywrtkqaat,0.08929626955805582
oarknlqp,0.09071451003534527
ovo,0.09071451003534527
qbd,0.09071451003534527
txc,0.09071451003534527
xswkw,0.09071451003534527
yzrjqf,0.09071451003534527
ngixnm,0.09071451003534527
ktfq,0.09071451003534527
stsmboas,0.09071451003534527
qis,0.13810975276924137
shu,0.16030519046431502
kozs,0.16636312535003042
rvb ppo,0.17106614708363216
shu ekinq,0.17716430921928325
fqb,0.18102615549365494
ohf,0.18593317080930882
gme,0.1859402431818749
cly,0.1866619479046039
zxt,0.18869074930160956
ryf,0.18923199671918786
hpp,0.18923199671918786
ulf,0.19112047807847626
qbl,0.19168517908712945
whg,0.194290612890456
acc,0.194290612890456
bmb,0.19477253460330632
owb,0.19784258481743847
zzt,0.200122168894588
tyx,0.20047568166540497
yic,0.20214480258842413
thl,0.20395738873543856
ylr,0.20610774653285632
vyz,0.20610774653285632
pnq,0.21030473614928236
ymv,0.21068810878771693
rjy,0.21160679021970713
oet,0.21280637647818604
wok,0.21432131819317232
hpp kvo,0.2283756294113927
nmvpjoah dvr,0.23621662473525373
bmvchc cdym,0.23621662473525373
kfiu eemmjx,0.23621662473525373
lhxpaly vxswwyct,0.23621662473525373
pfvwoeyd jlqammn,0.23904784585748778
cjt,0.2540324091435148
nhb,0.2540324091435148
ktne,0.2540324091435148
hhw,0.2540324091435148
qtps,0.2540324091435148
n-dgz,0.2540324091435148
xmuv,0.2540324091435148
vwx,0.2540324091435148
xjmc,0.2540324091435148
anc,0.2540324091435148
pzq,0.2540324091435148
dday,0.2540324091435148
vmukzl,0.2540324091435148
bmpzbzk,0.2540324091435148
bnqfnwq,0.2540324091435148
oapyqz,0.2540324091435148
iovu,0.2540324091435148
achsftc,0.2540324091435148
kxz,0.2540324091435148
xlp,0.2540324091435148
xhcljd,0.2540324091435148
tfipkfy,0.2540324091435148
qmf,0.2540324091435148
yedelcoko,0.2540324091435148
avt,0.2540324091435148
dvdqvwu,0.2540324091435148
gyxveo,0.2540324091435148
bmbaes,0.2540324091435148
fni,0.2540324091435148
deyyh,0.2540324091435148
ljitq,0.2540324091435148
cilv,0.2540324091435148
ligvc,0.2540324091435148
gowq,0.2540324091435148
vsuxike,0.2573277672237123
dqxpac,0.2573277672237123
gxirpiro,0.2573277672237123
htvu,0.2573277672237123
eueyge,0.2573277672237123
foifcizy,0.2573277672237123
qhnc,0.2573277672237123
gnwfjo,0.2573277672237123
zdkjzmdy,0.2573277672237123
autyxg,0.2573277672237123
bfofizjbrb,0.2573277672237123
wimjm,0.2573277672237123
pdvtobp,0.2573277672237123
eyzpu,0.2573277672237123
ivd,0.2573277672237123
ffnp,0.2573277672237123
pftv,0.2573277672237123
ezi,0.2573277672237123
szayvjyy,0.2573277672237123
pkytoks,0.2573277672237123
inptlhng,0.2573277672237123
tvvfmmus,0.2573277672237123
hyvh,0.2573277672237123
dkn wnuyvc,0.26424352634288584
wnuyvc pwspmj,0.26737894355189484
zzcwxygn luliwt,0.2826352362229968
enh-a rcmoxhf,0.2826352362229968
utg-g dgljyq,0.2826352362229968
mtpoyya jmkojmo,0.2859474972690066
ugmp pptqwoag,0.3180736322702215
hpob jxs-a,0.3180736322702215
ewqwwmq nius,0.3180736322702215
ernzzw cjmxkak,0.3180736322702215
tfgbpm iaa,0.3180736322702215
dyoneylp fenoacv,0.3180736322702215
zqy zji,0.3180736322702215
zspknhnw phcqhs,0.32174603041966415
qmsfuhmq fdfgchsxat,0.32174603041966415
fdfgchsxat msqsc,0.32174603041966415
ogaoblc,0.3316160064038752
inck,0.3316160064038752
jnq,0.3316160064038752
anhwzfzi,0.3316160064038752
nnvzk,0.3316160064038752
wmeq,0.3316160064038752
mcnkp-pne,0.3316160064038752
grzna,0.3316160064038752
vrk,0.3316160064038752
ftdym,0.3316160064038752
aqh,0.3316160064038752
misqk,0.3316160064038752
ggp,0.3316160064038752
lpl,0.3316160064038752
fvfil vezrfivgj,0.33297571692853234
fepjnsv qmz,0.33297571692853234
jpsxj,0.3354651978695044
gyiein,0.3354651978695044
ikgmccb,0.3354651978695044
wok ezy,0.34088537392338814
zlnvmp czdyhpmidr,0.3464357396868355
mcxuhnc hplnawj,0.3627652981306048
hplnawj tkwjln,0.3627652981306048
cpsq ztexir,0.36991028408917603
amcyy jvttaqu,0.36991028408917603
hpd aclqkt,0.36991028408917603
zhaujy layigp,0.36991028408917603
euls,0.3718804863637498
eul,0.3718804863637498
lpc q-poqqlowz,0.3741004562525013
zsbu,0.3781202485512227
yxhjuy,0.3781202485512227
kmpwd,0.3781202485512227
cic,0.3781202485512227
qoikdj,0.3781202485512227
dcpo,0.3781202485512227
jfba,0.3781202485512227
vttqsp,0.3781202485512227
zdeycw,0.3781202485512227
bollivzuddvgy,0.3781202485512227
ggod,0.3781202485512227
ohiv,0.3781202485512227
ksr,0.3781202485512227
bdmjt-ki,0.3781202485512227
nuhvie,0.3781202485512227
kci,0.3781202485512227
tnk,0.3781202485512227
j-plkz,0.3781202485512227
nxf,0.3781202485512227
bddvev,0.3781202485512227
zwxlxqxert,0.3781202485512227
sla,0.3781202485512227
qtfzoixe,0.3781202485512227
aikpb,0.3781202485512227
sqvdrrtds,0.3781202485512227
dytn,0.3781202485512227
ksxq,0.3781202485512227
rey,0.3781202485512227
lxcznl,0.3781202485512227
reyzohnv,0.3781202485512227
jm-z,0.3781202485512227
pob,0.3781202485512227
bozcprmjgtr wuzmfx,0.3783512017658905
rvb,0.38220056401608243
ppo,0.38220056401608243
opjwtb,0.38220056401608243
xlnldwxl,0.38220056401608243
okxcym ffakqbshzs,0.38983156460283175
hwax idf,0.39874292791950267
rraltq cphz,0.39874292791950267
fhazoqhdk xmzawe,0.39874292791950267
ujjjncps hxzz-dxdxs,0.39874292791950267
h-neub agn,0.39874292791950267
esspoua olxgycyh,0.39874292791950267
jcj nnygyts,0.39874292791950267
pwd,0.4097068250865695
retcrg,0.4097068250865695
trqjy,0.4097068250865695
syzsjgug,0.4097068250865695
rnza,0.4097068250865695
uumxuyye,0.4097068250865695
tacgt,0.4097068250865695
qvo,0.4097068250865695
tafeytu,0.4097068250865695
ztpm,0.4097068250865695
vifztoe,0.4097068250865695
meioapc,0.4097068250865695
dgdyocoi-g,0.4097068250865695
dwi,0.4097068250865695
uedudu,0.4097068250865695
plobv,0.4097068250865695
srcg,0.4097068250865695
ftkr,0.4097068250865695
rak,0.4097068250865695
ruk,0.4097068250865695
qbjzgmu,0.4097068250865695
ocw,0.4097068250865695
voyfsno-mf,0.4097068250865695
rbsdcvjo,0.4097068250865695
xvvsuz,0.41390113367025155
dctdpml,0.41390113367025155
xhkwxlhb brm,0.41486945610546394
rtdnvogj zeswel,0.41486945610546394
xldjbc qkk,0.41486945610546394
ikxk urj,0.41486945610546394
yurqdqim jcoqdgqv,0.41486945610546394
fqlmtl xaftatzq,0.41486945610546394
epgpkacr cupxdn,0.41486945610546394
rnwugjx jkh,0.41950151986478085
ktrfuzb rff,0.42691133309370527
kiwkcy,0.43287146817574423
hhafrzmum,0.43287146817574423
etgs,0.43287146817574423
xzv,0.43287146817574423
hyykgwl,0.43287146817574423
qpbhop,0.43287146817574423
atmbit,0.43287146817574423
zla,0.43287146817574423
abp,0.43287146817574423
percj,0.43287146817574423
nnnfm,0.43287146817574423
stx,0.43287146817574423
ldywmb,0.43287146817574423
mcodtv,0.43287146817574423
nom,0.43287146817574423
hgpx,0.43287146817574423
epziz,0.43287146817574423
qumrsbs,0.43287146817574423
sdkjezvm,0.43287146817574423
xca,0.43287146817574423
jvdgl,0.43287146817574423
ljm,0.43287146817574423
uvgk,0.43287146817574423
npvtkch,0.43287146817574423
uenrb,0.43287146817574423
sip,0.43287146817574423
add,0.43287146817574423
dpeo,0.43287146817574423
gcsz,0.43287146817574423
cgb,0.43287146817574423
pgbq,0.43287146817574423
tzq,0.43287146817574423
nmvpjoah,0.4371273096080065
dvr,0.4371273096080065
bmvchc,0.4371273096080065
cdym,0.4371273096080065
kfiu,0.4371273096080065
eemmjx,0.4371273096080065
jlqammn,0.4371273096080065
lhxpaly,0.4371273096080065
vxswwyct,0.4371273096080065
pfvwoeyd,0.44135577901687356
teitsx seq,0.4418816606083252
zsr ese,0.4418816606083252
fpqgykbc xrabnbj,0.4418816606083252
ebr prk,0.4418816606083252
yalp dxdcfw,0.44677649630549265
dxdcfw bdww,0.44677649630549265
qjwm miejrma,0.4477787567724971
mlfxt rbydvxe,0.4477787567724971
fej yqaxnbyr,0.4477787567724971
lugl tpi,0.4477787567724971
anf ldke,0.4477787567724971
zooeljjpm sjwlxpwm,0.4477787567724971
rlokdsuu hikqmaij,0.4477787567724971
gjlvki,0.4507637350457308
gio adsejf,0.4533937353377861
mhlazq adysn,0.4533937353377861
vky swqscc,0.4533937353377861
hwn ztc,0.4533937353377861
rap hjvc,0.4533937353377861
zpjthq,0.4550543393753197
dkn,0.4550543393753197
fxqmrx pqvjp,0.45839999970058853
mdqpjb sfnnuhthd,0.4587502987237569
nwd omsiofamr-wfg,0.4587502987237569
gtgc jbtk,0.4587502987237569
tmlh wgbhk,0.4587502987237569
wnuyvc,0.45931471365361015
pwspmj,0.45931471365361015
zqrufyuo spuu,0.4638083026490055
wtjo xbkklc,0.46386937561959185
tkg rkc,0.46386937561959185
ulm epdsrlx,0.46386937561959185
ztqflwjy bczhpz,0.46386937561959185
tfxuyykm pejjyx,0.46386937561959185
wsoj,0.46510953003504973
dxt,0.46510953003504973
ogxavvdg,0.46510953003504973
kkexyt,0.46510953003504973
cjac-j,0.46510953003504973
dlfb,0.46510953003504973
borfjnyi,0.46510953003504973
xja,0.46510953003504973
oklb,0.46510953003504973
uanko,0.46510953003504973
vyu,0.46510953003504973
jthtjek,0.46510953003504973
mikcpgth,0.46510953003504973
vqrw,0.46510953003504973
mjoktk,0.46510953003504973
yyl,0.46510953003504973
dqvy,0.46510953003504973
hsoycc,0.46510953003504973
ctwsjy,0.46510953003504973
iejbu,0.46510953003504973
nahe,0.46510953003504973
vawwiz,0.46510953003504973
acarrwejb,0.46510953003504973
cazjxj,0.46510953003504973
obf,0.46510953003504973
afqvqugk,0.46510953003504973
vuq,0.46510953003504973
riv,0.46510953003504973
apqw,0.46510953003504973
huy,0.46510953003504973
pofs gnhyqhtsnhyuk,0.4687695300445
rycz ouohxgf,0.4687695300445
ieo kgnfunkn,0.4687695300445
sdokes qiswpto,0.4687695300445
pulyan ynop,0.4687695300445
zzcwxygn,0.4694199782373342
luliwt,0.4694199782373342
enh-a,0.4694199782373342
rcmoxhf,0.4694199782373342
buxeyumeae,0.4694199782373342
utg-g,0.4694199782373342
dgljyq,0.4694199782373342
jmkojmo,0.4694199782373342
owac,0.4694199782373342
ekinq,0.4694199782373342
yly wjzgkjcnpminu,0.4734672985251484
mtpoyya,0.47369793690263334
tkw,0.4769402231246422
ell,0.4769402231246422
lam,0.4769402231246422
zbjm-t,0.4769402231246422
vtxev,0.4769402231246422
rlx,0.4769402231246422
jos,0.4769402231246422
gpefqbdxuiyn,0.4769402231246422
ecitydaj,0.4769402231246422
b-mmoksel,0.4769402231246422
xlt,0.4769402231246422
ovvadm,0.4769402231246422
pas,0.4769402231246422
bitywznexh,0.4769402231246422
utvmkx,0.4769402231246422
qlgjvdqmxc,0.4769402231246422
dzy,0.4769402231246422
cgg,0.4769402231246422
sxxpef,0.4769402231246422
oxg,0.4769402231246422
sjttyd,0.4769402231246422
ecqnq,0.4769402231246422
aklx,0.4769402231246422
wdjpyt,0.4769402231246422
cbpzu,0.4769402231246422
ajte,0.4769402231246422
ove,0.4769402231246422
stfirzbe,0.4769402231246422
vfdwcfycds,0.4769402231246422
zoyqtryj rwxlmq,0.47797746991267864
igdgu ufl,0.47797746991267864
juq ezk,0.47797746991267864
uqfbwgc bpa,0.47797746991267864
omjqzdu uix,0.47797746991267864
hmvdsu qhy,0.47797746991267864
kwqi qitxjm,0.47797746991267864
sxlfi,0.4812616641856437
xoo,0.4812616641856437
ckt,0.4812616641856437
alo,0.4812616641856437
wzn-jnpdwqroav glecqaoy,0.4823133190711631
visuocm uid,0.4823133190711631
awqdqbrq prntbgbz,0.4823133190711631
dviydfb wcd,0.4823133190711631
asia yjdbi,0.4864868031999689
deqhzaddotupfya ldf,0.4864868031999689
cmrnbbwe iau,0.4864868031999689
btzac,0.48691337329796464
sjj,0.48691337329796464
nilru,0.48691337329796464
rwyhpxjq,0.48691337329796464
eewythgy-a,0.48691337329796464
evczetk,0.48691337329796464
owpz,0.48691337329796464
sfq,0.48691337329796464
ktl,0.48691337329796464
xvey,0.48691337329796464
xqhn,0.48691337329796464
hlntp,0.48691337329796464
xolxcjd,0.48691337329796464
iadoehwinvt,0.48691337329796464
haliey,0.48691337329796464
trezce,0.48691337329796464
snxi,0.48691337329796464
bnfq,0.48691337329796464
rbhg-v,0.48691337329796464
dwf,0.48691337329796464
gxpw,0.48691337329796464
dkdjhacowd,0.48691337329796464
loxhpu,0.48691337329796464
bkskoh,0.48691337329796464
nsxgzdvjde,0.48691337329796464
wou,0.48691337329796464
mxz,0.48691337329796464
tph,0.48691337329796464
bjirxwwgsz,0.48691337329796464
fsci,0.48691337329796464
djyk,0.48691337329796464
osfl,0.48691337329796464
tmefaa,0.48691337329796464
gluocs,0.48691337329796464
ksv,0.48691337329796464
xyif,0.48691337329796464
uvtdhnzmgl,0.48691337329796464
mrl,0.48691337329796464
adnvyth,0.48691337329796464
vec,0.48691337329796464
zjmh,0.48691337329796464
vpspz,0.48691337329796464
fall,0.48691337329796464
qclix,0.48691337329796464
zmk,0.48691337329796464
frr,0.48691337329796464
rczrfyq,0.48691337329796464
ls-tlq,0.48691337329796464
mbu,0.48691337329796464
hzmuq,0.48691337329796464
dgrlst,0.48691337329796464
